CV Text,Job Description,Label
"I am an experienced software engineer with a solid background in developing scalable and efficient applications. My expertise lies in programming languages such as Python and Java, and I have successfully delivered numerous projects leveraging these technologies. I am eager to contribute my skills to a dynamic team looking for a software engineer with a strong foundation in Python and Java.","Our company is actively seeking a talented software engineer to join our development team. The ideal candidate should have a proven track record in developing scalable applications using Python and Java. If you're passionate about building robust software solutions, we encourage you to apply.",1
"As a data scientist, I bring a wealth of knowledge in machine learning and a strong proficiency in Python. I have successfully applied machine learning techniques to solve complex problems and extract valuable insights from data. I am excited about the opportunity to contribute my skills to a team seeking a data scientist with expertise in Python and machine learning.","We are looking for a highly skilled data scientist to join our analytics team. The successful candidate will have a deep understanding of machine learning principles and a strong command of Python. If you're passionate about extracting meaningful insights from data, we want to hear from you.",1
"With a background in marketing, I have honed my skills in social media management and SEO strategies. I have successfully executed marketing campaigns that increased brand visibility and engagement. I am ready to bring my expertise to a dynamic team in need of a marketing professional with a focus on social media and SEO.","Our company is on the lookout for a talented marketing specialist to lead our digital marketing initiatives. The ideal candidate should have a proven track record in social media management and SEO optimization. If you're passionate about driving online engagement, apply now.",1
"As a recent graduate in finance, I possess a strong foundation in financial principles and a high level of proficiency in Excel. Through internships and coursework, I have gained valuable insights into financial analysis and reporting. I am eager to contribute my skills to a finance role that requires strong Excel capabilities.","Join our finance team as we seek a motivated and detail-oriented professional with a background in finance. Proficiency in Excel is a must, and the successful candidate will play a key role in financial analysis and reporting. Recent graduates are encouraged to apply.",1
"With a specialization in mechanical engineering, I have gained expertise in CAD design and product development. I have successfully led projects that involved designing innovative products. I am excited about the opportunity to apply my skills to a role that requires a mechanical engineer with proficiency in CAD and product design.","Our engineering team is expanding, and we are seeking a talented mechanical engineer to contribute to our product development efforts. The ideal candidate should be well-versed in CAD design and have a passion for creating innovative solutions.",1
"As a graphic designer, I have cultivated a focus on branding and proficiency in Adobe Creative Suite. I have successfully developed visual identities for various clients, enhancing their brand image. I am ready to bring my creative skills to a team looking for a graphic designer with expertise in branding and Adobe Creative Suite.","Join our creative team as we search for a graphic designer to lead branding initiatives. The successful candidate will be adept at creating visually appealing designs and have a strong command of Adobe Creative Suite.",1
"I am a registered nurse with experience in emergency care settings. I have successfully managed critical patient cases and collaborated with multidisciplinary teams to provide optimal care. I am eager to contribute my skills to a nursing role that focuses on emergency care.","Our healthcare facility is hiring experienced nurses for our emergency care unit. The ideal candidate should have a background in emergency care and a commitment to delivering high-quality patient care. If you're passionate about nursing, apply now.",1
"With a background in retail, I have honed my customer service skills through interactions with diverse clientele. I am adept at handling inquiries, resolving issues, and creating a positive shopping experience. I am excited to bring my customer service expertise to a retail position that values strong interpersonal skills.","Join our retail team as we seek a dedicated individual with excellent customer service skills. The successful candidate will play a crucial role in enhancing the overall shopping experience for our customers.",1
"Currently pursuing a PhD in Physics, I have extensive research experience in particle physics. I have contributed to multiple research projects, and my work has been published in reputable journals. I am eager to bring my research skills to a position that requires a Physics PhD candidate with expertise in particle physics.","Our research team is expanding, and we are looking for a Physics PhD candidate to contribute to our particle physics research projects. The ideal candidate should have a strong research background and a passion for advancing scientific knowledge.",1
"As an electrical engineer, I specialize in power systems and have successfully designed and implemented projects in this domain. I am well-versed in the latest technologies and standards in electrical engineering. I am ready to bring my expertise to a team in need of an electrical engineer with proficiency in power systems.","Join our engineering department as we seek an experienced electrical engineer to contribute to our power systems projects. The successful candidate will have a deep understanding of electrical engineering principles and a track record of successful project implementations.",1
"In my role as an administrative assistant, I have demonstrated proficiency in Microsoft Office applications. I am skilled in managing administrative tasks, organizing schedules, and ensuring smooth office operations. I am ready to bring my administrative skills to a position that requires expertise in Microsoft Office.","Our company is hiring an administrative assistant with strong organizational and administrative skills. Proficiency in Microsoft Office is a key requirement, and the successful candidate will play a crucial role in supporting day-to-day operations.",1
"Currently a high school student, I am seeking part-time employment in a retail environment. I am enthusiastic, responsible, and eager to gain valuable work experience. I am ready to bring my positive attitude and willingness to learn to a part-time retail job.","We are looking for a dynamic and motivated individual to join our retail team. This part-time position is ideal for a high school student seeking valuable work experience. If you're enthusiastic and reliable, we encourage you to apply.",0
"With a culinary arts degree and experience in fine dining establishments, I bring a passion for creating exquisite dishes. I have successfully managed kitchen operations and led culinary teams. I am eager to bring my culinary expertise to a chef position that values creativity and fine dining experience.","Join our culinary team as we seek a talented chef to lead our kitchen operations. The successful candidate should have a culinary arts degree and a proven track record in fine dining establishments.",1
"As an IT support specialist, I possess knowledge of both Windows and Linux operating systems. I have successfully resolved technical issues, provided user support, and maintained IT infrastructure. I am ready to contribute my IT skills to a team in need of an IT support specialist with expertise in Windows and Linux.","Our IT department is expanding, and we are looking for a skilled IT support specialist to join our team. Proficiency in both Windows and Linux is required, and the successful candidate will play a key role in maintaining our IT infrastructure.",1
"With experience in a call center environment, I have honed my customer support skills through handling inquiries and resolving issues. I am adept at providing excellent service and ensuring customer satisfaction. I am excited about the opportunity to bring my customer support expertise to a role in a call center setting.","Join our customer support team as we seek experienced representatives for our call center. The ideal candidate will have a background in customer support and a commitment to delivering exceptional service.",1
"I am a recent graduate with a degree in liberal arts, exploring opportunities in various fields. I bring a diverse skill set, including strong communication skills, critical thinking, and adaptability. I am eager to contribute my talents to a role that values a well-rounded and versatile approach.","We are looking for a versatile individual to join our team and contribute to various projects. This role is ideal for someone with a liberal arts background and a passion for diverse challenges. Apply now to be part of our dynamic team.",0
"I have a background in photography and visual arts, with experience in capturing moments and creating compelling visual content. I am skilled in using Adobe Creative Suite and have successfully executed photography projects. I am ready to bring my creative vision to a role that values artistic expression.","Join our creative team as we seek a talented individual with a passion for photography and visual arts. The successful candidate will contribute to our visual content projects and bring a unique artistic perspective.",0
"As a recent graduate in environmental science, I am passionate about sustainability and ecological conservation. I have conducted research on environmental issues and implemented initiatives to promote eco-friendly practices. I am eager to contribute my knowledge to a role that focuses on environmental sustainability.","Our environmental team is expanding, and we are looking for a dedicated individual with a background in environmental science. The ideal candidate should have a passion for sustainability and a commitment to ecological conservation. Apply now to be part of our efforts.",0
"Currently working as a freelance web developer, I have expertise in front-end and back-end technologies. I have successfully delivered responsive and user-friendly websites for clients across various industries. I am open to new opportunities that allow me to contribute my web development skills.","We are seeking a talented web developer to join our team and contribute to the development of innovative and user-friendly websites. The ideal candidate should have expertise in front-end and back-end technologies. Apply now if you're passionate about web development.",0
"I am a recent graduate with a degree in psychology, and I am interested in exploring opportunities in human resources. My coursework has equipped me with knowledge in organizational behavior and employee relations. I am eager to contribute my skills to a role that focuses on human resources and employee development.","Join our human resources team as we seek a motivated individual with a background in psychology. The successful candidate will contribute to employee relations and organizational development. Apply now to be part of our HR initiatives.",0
"As a fitness enthusiast with a certification in personal training, I bring a passion for promoting health and wellness. I have experience in designing personalized fitness plans and conducting group fitness classes. I am ready to bring my energy and expertise to a role that values a healthy and active lifestyle.","Our fitness center is looking for a certified personal trainer to join our team. The ideal candidate should have a passion for promoting health and wellness and experience in designing fitness plans. Apply now if you're enthusiastic about fitness.",0
"I am a UX/UI designer with a passion for creating intuitive and visually appealing user interfaces. I have experience in conducting user research, creating wireframes, and collaborating with development teams. I am eager to bring my design expertise to a team that values user-centered design principles.","Join our design team as we seek a talented UX/UI designer to enhance our user interfaces. The successful candidate will have experience in user research, wireframing, and a passion for creating visually appealing designs. Apply now to be part of our innovative projects.",1
"As a project manager, I have successfully led cross-functional teams to deliver projects on time and within budget. I am skilled in project planning, risk management, and stakeholder communication. I am ready to contribute my project management skills to a team in need of a results-driven and organized professional.","Our company is looking for an experienced project manager to lead our upcoming initiatives. The ideal candidate should have a proven track record in project management, strong organizational skills, and effective communication. Apply now if you're ready for a challenging and rewarding role.",1
"With a degree in environmental engineering, I am passionate about sustainable practices and pollution prevention. I have experience in conducting environmental impact assessments and implementing green technologies. I am eager to contribute my knowledge to a role that focuses on environmental sustainability and conservation.","Our environmental team is expanding, and we are looking for an environmental engineer with a passion for sustainability. The successful candidate will conduct impact assessments and contribute to our green initiatives. Apply now to be part of our commitment to environmental conservation.",1
"I am a creative content writer with experience in producing engaging and SEO-friendly articles. I have successfully written content for various industries, including technology, health, and travel. I am ready to bring my writing skills to a team that values high-quality and impactful content creation.","Join our content team as we seek a talented content writer to contribute to our online presence. The ideal candidate will have experience in producing SEO-friendly articles and a passion for creating engaging content. Apply now to be part of our content creation efforts.",1
"As a sales representative, I have a proven track record of exceeding sales targets and building strong client relationships. I am skilled in conducting sales presentations, negotiating contracts, and closing deals. I am ready to bring my sales expertise to a dynamic team that values results-driven professionals.","Our sales team is expanding, and we are looking for a motivated sales representative to contribute to our growth. The successful candidate will have a strong sales track record and excellent negotiation skills. Apply now if you're ready for a challenging and rewarding sales role.",1
"I am a recent graduate with a degree in computer science, and I am passionate about software development. I have completed projects in Java, C++, and web development. I am eager to bring my programming skills to a role that allows me to contribute to innovative software solutions.","Our development team is looking for a junior software developer with a strong foundation in computer science. The ideal candidate will have experience in Java, C++, and web development. Apply now if you're a recent graduate with a passion for software development.",0
"With a background in hospitality, I have extensive experience in managing customer service operations for luxury hotels. I am adept at ensuring guest satisfaction, handling reservations, and coordinating events. I am ready to bring my hospitality expertise to a role that values exceptional customer service and attention to detail.","Join our hospitality team as we seek an experienced professional to oversee customer service operations. The successful candidate will have a background in luxury hotels and a commitment to delivering outstanding guest experiences. Apply now for a rewarding role in hospitality.",0
"I am a recent MBA graduate with a focus on finance and strategy. I have completed coursework in financial analysis, investment management, and strategic planning. I am eager to contribute my analytical and strategic skills to a finance role that values innovation and data-driven decision-making.","Our finance department is looking for a dynamic MBA graduate to join our team. The ideal candidate will have a focus on finance and strategy, with coursework in financial analysis and investment management. Apply now to be part of our finance initiatives.",0
"As a fitness trainer, I specialize in creating personalized workout plans and providing guidance on nutrition. I have successfully helped clients achieve their fitness goals through motivation and tailored training programs. I am ready to bring my passion for fitness to a role that values health and wellness.","Our fitness center is hiring a fitness trainer to join our team. The successful candidate will have experience in creating personalized workout plans and guiding clients on nutrition. Apply now if you're a dedicated fitness professional with a passion for helping others achieve their wellness goals.",0
"I am a skilled administrative assistant with experience in managing office operations, scheduling appointments, and handling correspondence. I am proficient in Microsoft Office applications and have a strong attention to detail. I am ready to contribute my administrative skills to a team in need of organizational support.","Join our administrative team as we seek a skilled administrative assistant to support day-to-day operations. The successful candidate will have experience in managing office tasks and proficiency in Microsoft Office applications. Apply now to be part of our efficient and organized workplace.",0
"I am a social media manager with a proven track record in developing and implementing successful social media campaigns. I am proficient in utilizing platforms like Facebook, Instagram, and Twitter to increase brand awareness and engagement. I am ready to bring my social media expertise to a team that values strategic online presence.","Join our marketing team as we seek a skilled social media manager to lead our online presence. The successful candidate will have experience in developing successful campaigns on platforms like Facebook, Instagram, and Twitter. Apply now to be part of our dynamic marketing initiatives.",1
"As a mechanical engineer, I have a strong background in designing and testing mechanical systems. I have successfully led projects that involved prototyping and implementing innovative solutions. I am eager to contribute my mechanical engineering skills to a team that values creativity and precision.","Our engineering department is expanding, and we are looking for a mechanical engineer to contribute to our projects. The ideal candidate will have experience in designing and testing mechanical systems. Apply now to be part of our innovative engineering team.",1
"I am a creative and detail-oriented graphic designer with expertise in Adobe Creative Suite. I have successfully designed marketing materials, logos, and branding elements for various clients. I am ready to bring my design skills to a team that values creativity and effective visual communication.","Join our creative team as we seek a talented graphic designer to enhance our visual identity. The successful candidate will have expertise in Adobe Creative Suite and a portfolio showcasing creative design projects. Apply now to be part of our visual branding initiatives.",1
"As a customer support specialist, I have a strong background in handling customer inquiries, resolving issues, and ensuring customer satisfaction. I am adept at using CRM systems and maintaining positive customer relationships. I am excited about the opportunity to bring my customer support expertise to a team that values excellent service.","Our customer support team is growing, and we are looking for experienced specialists to join us. The ideal candidate will have a background in handling customer inquiries, resolving issues, and using CRM systems. Apply now if you're passionate about delivering exceptional customer service.",1
"I am a recent graduate with a degree in biology, specializing in environmental science. I have conducted research on ecological systems and have a strong understanding of environmental conservation principles. I am eager to contribute my knowledge to a role that focuses on sustainable practices.","Our environmental research team is expanding, and we are looking for a biology graduate with a focus on environmental science. The successful candidate will contribute to research on ecological systems and environmental conservation. Apply now to be part of our efforts in sustainability.",1
"I am a skilled software developer with experience in front-end and back-end technologies. I have successfully developed and deployed web applications using frameworks like React and Node.js. I am ready to bring my programming skills to a team that values innovation and cutting-edge technologies.","Join our development team as we seek a talented software developer to contribute to our web applications. The ideal candidate will have experience in front-end and back-end technologies, with proficiency in frameworks like React and Node.js. Apply now if you're passionate about software development.",0
"With a background in retail management, I have successfully overseen the operations of a busy store, managing inventory, supervising staff, and ensuring excellent customer service. I am ready to bring my managerial skills to a retail position that values leadership and organizational efficiency.","Our retail management team is hiring an experienced professional to oversee store operations. The successful candidate will have a background in retail management, with experience in inventory management and staff supervision. Apply now to be part of our dynamic retail environment.",0
"I am a recent graduate with a degree in sociology, focusing on social research and data analysis. I have conducted surveys, collected and analyzed data, and presented research findings. I am eager to contribute my analytical skills to a role that values sociological insights.","Join our research team as we seek a sociology graduate with expertise in social research and data analysis. The successful candidate will contribute to research projects, conduct surveys, and analyze data. Apply now to be part of our sociological research initiatives.",0
"As a certified personal trainer, I have helped clients achieve their fitness goals through personalized workout plans and nutritional guidance. I am passionate about promoting health and wellness and am ready to bring my expertise to a fitness position that values client success.","Our fitness center is looking for a certified personal trainer to join our team. The ideal candidate will have experience in creating personalized workout plans and providing nutritional guidance. Apply now if you're dedicated to helping clients achieve their fitness goals.",0
"I am a detail-oriented administrative assistant with experience in managing office tasks, coordinating schedules, and assisting in project management. I am proficient in Microsoft Office applications and am ready to bring my organizational skills to a team that values efficiency.","Join our administrative team as we seek a detail-oriented administrative assistant to support office operations. The successful candidate will have experience in managing tasks, coordinating schedules, and proficiency in Microsoft Office applications. Apply now to be part of our organized and productive workplace.",0
"I am an experienced project manager with a proven track record of successfully delivering complex projects within deadlines. I am skilled in resource allocation, risk management, and stakeholder communication. I am eager to bring my project management expertise to a team that values efficiency and results.","Our company is seeking a seasoned project manager to lead critical projects. The ideal candidate should have a proven track record in project management, with skills in resource allocation, risk management, and effective communication. Apply now to be part of our dynamic project management team.",1
"As a content marketing specialist, I have developed and executed successful content strategies to enhance brand visibility and engage target audiences. I am proficient in SEO optimization and content analytics. I am ready to bring my content marketing skills to a team that values strategic content creation.","Join our marketing team as we seek a skilled content marketing specialist to drive our content strategies. The successful candidate will have experience in SEO optimization, content analytics, and a proven track record in enhancing brand visibility. Apply now to be part of our content marketing initiatives.",1
"With a background in electrical engineering, I have designed and implemented power systems for various projects. I am well-versed in the latest technologies and standards in electrical engineering. I am excited about the opportunity to apply my expertise to a role that requires a strong foundation in power systems.","Our engineering team is expanding, and we are looking for an electrical engineer with expertise in power systems. The ideal candidate should have experience in designing and implementing power systems, along with a deep understanding of electrical engineering principles. Apply now to be part of our innovative projects.",1
"I am a creative graphic designer with a strong portfolio showcasing visually appealing designs, logos, and branding elements. I am proficient in Adobe Creative Suite and have successfully translated clients' visions into compelling visual assets. I am ready to bring my creative vision to a team that values impactful design.","Join our creative team as we seek a talented graphic designer to elevate our visual identity. The successful candidate will have a strong portfolio in Adobe Creative Suite, showcasing a range of visually appealing designs and branding elements. Apply now to be part of our creative initiatives.",1
"As a customer service representative, I have a proven track record of delivering exceptional service and resolving customer inquiries. I am skilled in using CRM systems and maintaining positive customer relationships. I am excited about the opportunity to bring my customer service expertise to a role that values customer satisfaction.","Our customer service team is growing, and we are looking for dedicated representatives to join us. The ideal candidate will have a background in delivering exceptional service, resolving inquiries, and using CRM systems. Apply now if you're passionate about ensuring customer satisfaction.",1
"I am a recent graduate with a degree in computer engineering, specializing in software development. I have completed projects in Java, Python, and web development. I am eager to bring my programming skills to a role that allows me to contribute to innovative software solutions.","Our development team is looking for a junior software engineer with a strong foundation in computer engineering. The ideal candidate will have experience in Java, Python, and web development. Apply now if you're a recent graduate with a passion for software development.",0
"With a background in hospitality management, I have successfully overseen the operations of upscale hotels, focusing on guest satisfaction, staff management, and event coordination. I am ready to bring my managerial skills to a hospitality position that values excellence and guest experience.","Our hospitality management team is hiring an experienced professional to oversee hotel operations. The successful candidate will have a background in managing upscale hotels, with a focus on guest satisfaction and event coordination. Apply now to be part of our dynamic hospitality environment.",0
"I am a recent MBA graduate with a concentration in marketing. I have completed coursework in market research, brand management, and digital marketing strategies. I am eager to contribute my marketing skills to a role that values strategic planning and innovative marketing initiatives.","Our marketing department is looking for a dynamic MBA graduate to join our team. The ideal candidate will have a concentration in marketing, with coursework in market research and brand management. Apply now to be part of our marketing initiatives.",0
"As a certified fitness instructor, I specialize in leading group fitness classes and providing personalized fitness plans. I have successfully motivated clients to achieve their fitness goals. I am ready to bring my energy and expertise to a fitness position that values a holistic approach to health and wellness.","Our fitness center is hiring a certified fitness instructor to lead group classes and provide personalized fitness plans. The successful candidate will have experience in motivating clients to achieve their fitness goals. Apply now if you're passionate about promoting a holistic approach to health and wellness.",0
"I am a detail-oriented administrative professional with experience in office management, scheduling, and coordinating administrative tasks. I am proficient in Microsoft Office applications and am ready to bring my organizational skills to a team that values efficiency.","Join our administrative team as we seek a detail-oriented administrative professional to support day-to-day operations. The successful candidate will have experience in office management, scheduling, and proficiency in Microsoft Office applications. Apply now to be part of our organized and productive workplace.",0

